{
  "lanternFestival": {
    "name": "正月十五闹元宵",
    "image": "https://p26-doubao-search-sign.byteimg.com/tos-cn-i-xv4ileqgde/0b5a21a13230492e87b663f5dc3b0d4e~tplv-be4g95zd3a-image.jpeg?lk3s=feb11e32&x-expires=1786159149&x-signature=yc41%2F7VCPrWR9a%2FQEUuoqpQFSi0%3D",
    "date": "农历正月十五",
    "description": "定州传统民俗活动，包括舞龙灯、踩高跷、跑旱船等，热闹非凡，展现了定州人民的喜庆生活。",
    "history": "正月十五闹元宵是定州传统的民俗活动，已有数百年的历史。每年元宵节期间，定州各地都会举办丰富多彩的庆祝活动。",
    "activities": [
      "舞龙灯表演",
      "踩高跷比赛",
      "跑旱船游行",
      "猜灯谜活动"
    ],
    "tags": ["民俗", "节日", "元宵", "传统"]
  },
  "dingzhouFlowerFestival": {
    "name": "定州花会",
    "image": "https://p3-doubao-search-sign.byteimg.com/labis/1639a7c82dd1d22afa80954ba7267eac~tplv-be4g95zd3a-image.jpeg?lk3s=feb11e32&x-expires=1786159149&x-signature=LKzsfovUjln823qpbaihDX8qOXs%3D",
    "date": "农历正月十五至二十",
    "description": "定州传统民间艺术表演，集音乐、舞蹈、杂技于一体，具有浓郁的地方特色和文化底蕴。",
    "history": "定州花会起源于明清时期，是定州传统的民间艺术表演形式。花会表演内容丰富，形式多样，深受当地人民喜爱。",
    "activities": [
      "传统音乐演奏",
      "民间舞蹈表演",
      "杂技技艺展示",
      "地方戏曲演出"
    ],
    "tags": ["民俗", "艺术", "表演", "传统"]
  }
}
