{
  "kaiyuanPagoda": {
    "name": "开元寺塔",
    "image": "https://example.com/kaiyuan.jpg",
    "location": "定州市区",
    "hours": "08:00 - 17:30",
    "description": "始建于北宋，是中国现存最高的砖木结构古塔之一，素有中华第一塔之称。",
    "history": "开元寺塔始建于北宋咸平四年（1001年），历时55年建成。",
    "features": [
      "中国现存最高的砖木结构古塔之一",
      "塔内有丰富的佛教文物和壁画"
    ],
    "rating": 4.5,
    "tags": ["古迹", "塔", "佛教"]
  },
  "confucianTemple": {
    "name": "定州文庙",
    "image": "https://example.com/wenmiao.jpg",
    "location": "定州市区",
    "hours": "09:00 - 17:00",
    "description": "河北省重点文物保护单位，始建于唐代。",
    "history": "定州文庙始建于唐大中二年（848年）。",
    "features": [
      "中国北方保存最为完整的文庙之一"
    ],
    "rating": 4.2,
    "tags": ["古迹", "文庙"]
  }
}
