{
  "dingzhouChicken": {
    "name": "定州烧鸡",
    "image": "https://p26-doubao-search-sign.byteimg.com/labis/28735074eaa6fa9e786fca41e5ab9690~tplv-be4g95zd3a-image.jpeg?lk3s=feb11e32&x-expires=1786005061&x-signature=MVcd8I1SJyKnP9TCOwfKHoA615c%3D",
    "location": "定州市区各大餐馆",
    "hours": "10:00 - 22:00",
    "description": "定州烧鸡是定州传统特色小吃，选用本地散养土鸡，经传统工艺制作而成，皮脆肉嫩，香味浓郁。",
    "history": "定州烧鸡历史悠久，据传起源于清代，至今已有200多年的历史。",
    "reasons": [
      "选用本地散养土鸡，肉质鲜美",
      "传统制作工艺，保持原汁原味",
      "皮脆肉嫩，香味浓郁"
    ],
    "rating": 4.5,
    "tags": ["美食", "特产", "小吃", "传统"]
  },
  "dongpoPork": {
    "name": "北派东坡肘子",
    "image": "https://p11-doubao-search-sign.byteimg.com/pgc-image/5696895b24fe4a3d8cfcce069876a03e~tplv-be4g95zd3a-image.jpeg?lk3s=feb11e32&x-expires=1786005061&x-signature=twID4UrMMROmA8pb09cyvRSOiuc%3D",
    "location": "定州市区各大餐馆",
    "hours": "11:00 - 21:00",
    "description": "定州传统名菜，因苏东坡任定州知州时所创而得名。肘子香而不腻，味道醇厚，是定州传统宴席上的必备菜品。",
    "history": "北派东坡肘子始创于北宋年间，苏东坡任定州知州时，将川菜东坡肉的做法与北方饮食习惯相结合，创造出了这道独具特色的菜品。",
    "reasons": [
      "历史悠久，文化底蕴深厚",
      "香而不腻，适合北方口味",
      "制作工艺独特，风味纯正"
    ],
    "rating": 4.6,
    "tags": ["美食", "名菜", "传统", "宴席"]
  },
  "dingzhouStew": {
    "name": "定州焖子",
    "image": "https://p11-doubao-search-sign.byteimg.com/labis/e9da3e1cd8cf06d8f9fcd1feb6d578a0~tplv-be4g95zd3a-image.jpeg?lk3s=feb11e32&x-expires=1786158593&x-signature=E%2Byi9mieJDn6%2Bto1DySitrr8UvI%3D",
    "location": "定州市区各大餐馆、小吃店",
    "hours": "08:00 - 20:00",
    "description": "定州特色小吃，由红薯淀粉、猪肉、调料等制成，口感Q弹，风味独特，是定州人民喜爱的传统美食。",
    "history": "定州焖子起源于清代，最初是贫苦百姓为了节省食材而发明的一种食品，后来逐渐发展成为定州的特色小吃。",
    "reasons": [
      "口感Q弹，风味独特",
      "制作工艺传统，保持原汁原味",
      "价格实惠，深受当地人民喜爱"
    ],
    "rating": 4.3,
    "tags": ["美食", "小吃", "特产", "传统"]
  }
}
