[
  {
    "id": "1770904322332",
    "userId": "user_1770859186744_tjhn7rtka",
    "type": "suggestion",
    "content": "No",
    "contactInfo": "",
    "timestamp": 1770904322332
  },
  {
    "id": "1770904450677",
    "userId": "user_1770859186744_tjhn7rtka",
    "type": "suggestion",
    "content": "地图功能什么时候上线？",
    "contactInfo": "17322222222",
    "timestamp": 1770904450677
  },
  {
    "id": "1770904597499",
    "userId": "user_1770879839008_i8a3p9u2o",
    "type": "suggestion",
    "content": "地图功能什么时候上线？",
    "contactInfo": "",
    "timestamp": 1770904597499
  },
  {
    "id": "1770908068883",
    "userId": "user_1770879839008_i8a3p9u2o",
    "type": "bug",
    "content": "koko",
    "contactInfo": "",
    "timestamp": 1770908068883
  },
  {
    "id": "1770952392669",
    "userId": "user_1770941403079_0p184izct",
    "type": "suggestion",
    "content": "123",
    "contactInfo": "",
    "timestamp": 1770952392669
  }
]